date,symbol,pnl_usd,cumulative_usd
2019-09-30,GDX,15.72,15.72
2019-09-30,SLV,7.59,23.31
2019-10-21,XLC,59.1,82.41
2019-10-21,XLK,58.25,140.66
2019-10-22,XLF,10.23,150.89
2019-10-22,XLV,71.0,221.89
2019-10-23,KRE,24.44,246.33
2019-10-23,LQD,76.81,323.14
2019-10-23,XLI,80.87,404.01
2019-10-24,XLB,28.67,432.68
2019-10-25,XLP,32.95,465.63
2019-10-25,XLU,28.29,493.92
2019-10-25,XLY,87.86,581.78
2019-10-25,DIA,70.21,651.99
2019-10-28,VNQ,41.3,693.29
2019-10-28,XLRE,38.38,731.67
2019-10-28,HYG,30.98,762.65
2019-10-30,AGG,38.67,801.32
2019-10-31,GLD,121.92,923.24
2019-10-31,IEF,48.06,971.3
2019-11-12,EWZ,7.87,979.17
2019-11-12,XLE,8.45,987.62
2019-11-13,FXI,17.99,1005.61
2019-11-15,SMH,-127.71,877.9
2019-11-15,QQQ,-157.36,720.54
2019-11-15,EFA,-11.57,708.97
2019-11-15,IWM,-405.88,303.09
2019-11-15,XBI,-419.31,-116.22
2019-11-15,SPY,-267.98,-384.2
2019-11-29,EEM,25.84,-358.36
2019-12-30,XBI,50.33,-308.03
2020-01-03,AGG,22.42,-285.61
2020-01-03,EFA,46.19,-239.42
2020-01-03,XLV,49.37,-190.05
2020-01-03,XLY,47.88,-142.17
2020-01-06,HYG,27.6,-114.57
2020-01-06,IEF,34.06,-80.51
2020-01-06,IWM,107.57,27.06
2020-01-06,LQD,73.64,100.7
2020-01-06,SMH,56.17,156.87
2020-01-06,XLP,17.81,174.68
2020-01-07,DIA,113.8,288.48
2020-01-07,SPY,109.95,398.43
2020-01-09,XLU,22.48,420.91
2020-01-09,XLI,39.13,460.04
2020-01-13,XLB,47.82,507.86
2020-01-14,KRE,41.19,549.05
2020-01-15,FXI,21.0,570.05
2020-01-15,EWZ,7.4,577.45
2020-01-17,GLD,-309.66,267.79
2020-01-17,QQQ,-294.36,-26.57
2020-01-17,XLC,-207.96,-234.53
2020-01-17,XLK,-128.13,-362.66
2020-02-03,XLRE,39.67,-322.99
2020-02-05,EEM,36.85,-286.14
2020-02-05,XLF,5.89,-280.25
2020-02-06,GDX,38.61,-241.64
2020-02-06,SLV,18.9,-222.74
2020-02-10,XBI,71.83,-150.91
2020-02-11,XLV,50.31,-100.6
2020-02-24,XLC,52.64,-47.96
2020-02-24,XLK,49.58,1.62
2020-02-24,SMH,57.51,59.13
2020-02-25,QQQ,84.52,143.65
2020-02-25,FXI,10.46,154.11
2020-02-26,LQD,40.27,194.38
2020-02-26,VNQ,25.15,219.53
2020-03-04,XLU,17.21,236.74
2020-03-11,AGG,40.07,276.81
2020-03-12,GLD,141.1,417.91
2020-03-12,EEM,24.62,442.53
2020-03-12,SLV,10.67,453.2
2020-03-20,EFA,-353.84,99.36
2020-03-20,HYG,-141.85,-42.49
2020-03-20,IEF,-119.97,-162.46
2020-03-20,IWM,-294.38,-456.84
2020-03-20,XLB,-122.11,-578.95
2020-03-20,XLP,-115.72,-694.67
2020-03-20,XLY,-358.97,-1053.64
2020-03-20,DIA,-264.6,-1318.24
2020-03-20,KRE,-116.72,-1434.96
2020-05-15,VNQ,19.04,-1415.92
2020-06-01,AGG,31.0,-1384.92
2020-06-02,GLD,103.84,-1281.08
2020-06-03,GDX,23.75,-1257.33
2020-06-04,LQD,98.12,-1159.21
2020-06-09,XLV,114.02,-1045.19
2020-06-10,XBI,47.77,-997.42
2020-06-11,SMH,107.82,-889.6
2020-06-11,XLE,7.32,-882.28
2020-06-11,XLK,101.31,-780.97
2020-06-11,IEF,14.17,-766.8
2020-06-11,XLC,93.06,-673.74
2020-06-18,TLT,32.43,-641.31
2020-06-18,XLF,10.62,-630.69
2020-06-19,IWM,99.07,-531.62
2020-06-19,XLI,-240.47,-772.09
2020-06-19,XLB,26.59,-745.5
2020-06-26,XLY,100.42,-645.08
2020-06-26,KRE,14.31,-630.77
2020-07-02,EEM,39.57,-591.2
2020-07-06,EFA,109.15,-482.05
2020-07-06,SPY,85.44,-396.61
2020-07-07,XLP,44.3,-352.31
2020-07-13,EWZ,7.92,-344.39
2020-07-13,FXI,21.08,-323.31
2020-07-15,XLRE,40.99,-282.32
2020-07-17,SLV,-64.61,-346.93
2020-07-17,XLU,79.71,-267.22
2020-07-24,QQQ,67.9,-199.32
2020-07-24,XBI,52.86,-146.46
2020-07-28,XLC,81.65,-64.81
2020-07-28,XLK,89.64,24.83
2020-07-29,IEF,32.56,57.39
2020-08-07,EFA,69.44,126.83
2020-08-07,EWZ,8.03,134.86
2020-08-10,XLV,112.3,247.16
2020-08-10,EEM,41.37,288.53
2020-08-11,AGG,37.73,326.26
2020-08-11,LQD,74.62,400.88
2020-08-11,HYG,42.88,443.76
2020-08-11,TLT,44.49,488.25
2020-08-18,IWM,48.94,537.19
2020-08-20,SMH,107.7,644.89
2020-08-20,XLB,52.28,697.17
2020-08-21,GLD,-277.35,419.82
2020-08-21,GDX,-56.56,363.26
2020-08-21,SLV,-65.61,297.65
2020-08-21,XLP,-48.18,249.47
2020-08-21,XLY,-25.3,224.17
2020-08-21,FXI,13.57,237.74
2020-08-21,KRE,14.52,252.26
2020-09-02,XLRE,45.21,297.47
2020-09-08,XLI,143.31,440.78
2020-09-08,XLU,32.84,473.62
2020-09-08,QQQ,60.65,534.27
2020-09-08,SMH,50.17,584.44
2020-09-08,XLY,42.19,626.63
2020-09-16,SPY,65.85,692.48
2020-09-28,IEF,39.37,731.85
2020-09-28,XLB,38.45,770.3
2020-09-29,EFA,104.85,875.15
2020-09-29,LQD,97.54,972.69
2020-09-30,XLP,43.32,1016.01
2020-10-01,EEM,44.32,1060.33
2020-10-01,XBI,92.95,1153.28
2020-10-01,XLK,118.85,1272.13
2020-10-05,HYG,53.33,1325.46
2020-10-05,XLC,105.78,1431.24
2020-10-05,XLV,66.42,1497.66
2020-10-05,IWM,103.27,1600.93
2020-10-09,GDX,45.31,1646.24
2020-10-09,GLD,116.0,1762.24
2020-10-12,AGG,43.67,1805.91
2020-10-12,FXI,17.19,1823.1
2020-10-16,SLV,44.39,1867.49
2020-10-22,XLRE,21.44,1888.93
2020-10-27,SMH,45.07,1934.0
2020-10-28,XLE,5.85,1939.85
2020-10-28,XLK,46.03,1985.88
2020-11-02,XLI,103.93,2089.81
2020-11-04,XBI,84.89,2174.7
2020-11-09,XLF,22.56,2197.26
2020-11-09,LQD,59.11,2256.37
2020-11-10,XLP,44.04,2300.41
2020-11-10,VNQ,27.95,2328.36
2020-11-12,GLD,117.57,2445.93
2020-11-12,HYG,35.22,2481.15
2020-11-12,XLB,34.67,2515.82
2020-11-16,SPY,74.59,2590.41
2020-11-17,TLT,50.19,2640.6
2020-11-17,AGG,18.83,2659.43
2020-11-17,EWZ,12.87,2672.3
2020-11-18,XLU,32.03,2704.33
2020-11-18,XLC,116.1,2820.43
2020-11-18,XLV,191.22,3011.65
2020-11-20,EFA,-215.92,2795.73
2020-11-30,IEF,39.24,2834.97
2020-11-30,XLY,107.61,2942.58
2020-12-08,XBI,79.57,3022.15
2020-12-16,SLV,24.33,3046.48
2020-12-17,GLD,77.0,3123.48
2020-12-18,QQQ,111.81,3235.29
2020-12-18,EEM,-17.89,3217.4
2020-12-18,KRE,-111.67,3105.73
2020-12-18,IWM,-392.17,2713.56
2020-12-24,LQD,75.17,2788.73
2020-12-24,XLC,82.52,2871.25
2020-12-28,DIA,86.42,2957.67
2020-12-28,EFA,91.16,3048.83
2020-12-28,XLB,37.75,3086.58
2020-12-28,XLP,39.52,3126.1
2020-12-29,HYG,30.94,3157.04
2020-12-30,XLI,110.99,3268.03
2020-12-31,AGG,33.5,3301.53
2020-12-31,XLRE,37.43,3338.96
2021-01-04,XLV,110.23,3449.19
2021-01-05,FXI,13.74,3462.93
2021-01-06,XLU,42.74,3505.67
2021-01-15,SMH,-337.27,3168.4
2021-01-27,SMH,54.92,3223.32
2021-02-01,AGG,12.97,3236.29
2021-02-02,IEF,14.7,3250.99
2021-02-08,HYG,35.26,3286.25
2021-02-08,XLF,16.44,3302.69
2021-02-08,XLI,108.59,3411.28
2021-02-08,XLU,39.08,3450.36
2021-02-09,XLY,113.34,3563.7
2021-02-09,XLP,43.77,3607.47
2021-02-09,XLV,93.87,3701.34
2021-02-12,XLB,48.58,3749.92
2021-02-16,EWZ,20.11,3770.03
2021-02-16,XLRE,62.56,3832.59
2021-02-16,EFA,53.65,3886.24
2021-02-16,KRE,32.67,3918.91
2021-02-16,XLE,14.77,3933.68
2021-02-17,XLK,107.47,4041.15
2021-02-19,XLC,43.38,4084.53
2021-02-24,FXI,10.38,4094.91
2021-03-03,XLY,51.14,4146.05
2021-03-12,IWM,83.57,4229.62
2021-03-19,LQD,-328.49,3901.13
2021-03-26,HYG,28.38,3929.51
2021-03-29,XLC,104.06,4033.57
2021-03-29,XLK,109.93,4143.5
2021-03-30,VNQ,38.11,4181.61
2021-03-30,XLV,107.06,4288.67
2021-03-31,XLRE,33.42,4322.09
2021-03-31,XLF,17.05,4339.14
2021-03-31,QQQ,81.35,4420.49
2021-04-09,EWZ,8.67,4429.16
2021-04-12,GDX,16.2,4445.36
2021-04-14,EEM,30.88,4476.24
2021-04-16,XLI,-20.51,4455.73
2021-04-16,XLP,-113.26,4342.47
2021-04-16,XBI,-64.78,4277.69
2021-04-16,XLB,-54.45,4223.24
2021-04-16,XLU,-160.43,4062.81
2021-04-28,XLE,11.95,4074.76
2021-04-29,KRE,29.19,4103.95
2021-05-05,EWZ,11.17,4115.12
2021-05-10,FXI,15.63,4130.75
2021-05-10,TLT,27.54,4158.29
2021-05-10,EEM,38.34,4196.63
2021-05-10,HYG,26.04,4222.67
2021-05-10,XLC,106.27,4328.94
2021-05-10,XLU,26.26,4355.2
2021-05-10,XLRE,37.14,4392.34
2021-05-10,XBI,59.53,4451.87
2021-05-11,XLV,115.3,4567.17
2021-05-11,VNQ,44.15,4611.32
2021-05-12,EFA,86.58,4697.9
2021-05-12,SPY,102.94,4800.84
2021-05-12,DIA,97.32,4898.16
2021-05-12,XLI,49.46,4947.62
2021-05-12,XLP,24.01,4971.63
2021-05-19,SMH,136.24,5107.87
2021-05-20,XLK,158.07,5265.94
2021-05-20,XLB,34.59,5300.53
2021-05-21,GLD,-394.39,4906.14
2021-05-21,SLV,-12.9,4893.24
2021-05-21,XLY,1.56,4894.8
2021-06-01,IWM,97.2,4992.0
2021-06-02,EWZ,13.93,5005.93
2021-06-03,AGG,14.92,5020.85
2021-06-04,QQQ,89.95,5110.8
2021-06-10,XLF,18.38,5129.18
2021-06-10,XLU,10.84,5140.02
2021-06-11,XLK,47.38,5187.4
2021-06-14,GDX,27.1,5214.5
2021-06-17,DIA,66.38,5280.88
2021-06-23,XLY,67.64,5348.52
2021-06-24,SMH,76.85,5425.37
2021-06-28,EEM,37.72,5463.09
2021-06-29,XLC,82.85,5545.94
2021-06-30,XLP,34.29,5580.23
2021-07-02,XLI,98.18,5678.41
2021-07-06,HYG,25.83,5704.24
2021-07-06,FXI,10.81,5715.05
2021-07-07,EFA,101.99,5817.04
2021-07-16,GLD,-292.03,5525.01
2021-07-16,VNQ,-43.64,5481.37
2021-07-16,XLB,-109.26,5372.11
2021-07-16,XLRE,-50.69,5321.42
2021-07-16,XLV,-23.16,5298.26
2021-07-16,XLE,-70.8,5227.46
2021-07-16,SLV,-66.11,5161.35
2021-07-16,KRE,-111.28,5050.07
2021-07-23,GDX,19.0,5069.07
2021-07-29,XLF,13.57,5082.64
2021-08-05,LQD,92.45,5175.09
2021-08-05,IWM,73.36,5248.45
2021-08-06,TLT,22.45,5270.9
2021-08-06,XLP,28.8,5299.7
2021-08-09,HYG,31.57,5331.27
2021-08-09,XLRE,36.88,5368.15
2021-08-10,XLK,84.69,5452.84
2021-08-13,IEF,43.86,5496.7
2021-08-13,XLY,92.73,5589.43
2021-08-16,AGG,50.24,5639.67
2021-08-16,XLI,109.81,5749.48
2021-08-16,XLE,12.93,5762.41
2021-08-17,EFA,129.26,5891.67
2021-08-17,XLC,115.66,6007.33
2021-08-18,KRE,25.58,6032.91
2021-08-19,XLB,22.72,6055.63
2021-08-20,EEM,-95.93,5959.7
2021-08-20,XLU,-29.56,5930.14
2021-08-20,XLV,-307.15,5622.99
2021-08-20,EWZ,-68.63,5554.36
2021-08-30,SMH,77.11,5631.47
2021-09-07,EFA,50.22,5681.69
2021-09-10,SPY,80.69,5762.38
2021-09-13,GLD,59.84,5822.22
2021-09-16,XLY,62.7,5884.92
2021-09-16,XLU,19.04,5903.96
2021-09-20,FXI,9.12,5913.08
2021-09-20,QQQ,90.83,6003.91
2021-09-22,LQD,76.63,6080.54
2021-09-23,XLE,14.67,6095.21
2021-09-27,HYG,38.29,6133.5
2021-09-28,XBI,51.48,6184.98
2021-09-29,SLV,5.44,6190.42
2021-10-05,XLF,23.8,6214.22
2021-10-06,XLI,115.22,6329.44
2021-10-07,XLB,51.89,6381.33
2021-10-07,XLC,106.93,6488.26
2021-10-07,XLK,92.14,6580.4
2021-10-08,KRE,30.99,6611.39
2021-10-12,XLP,43.37,6654.76
2021-10-12,XLRE,50.47,6705.23
2021-10-12,VNQ,72.03,6777.26
2021-10-12,IWM,92.46,6869.72
2021-10-15,AGG,-61.41,6808.31
2021-10-15,IEF,-67.92,6740.39
2021-10-15,XLV,-80.76,6659.63
2021-10-15,EWZ,-44.86,6614.77
2021-10-19,SMH,73.91,6688.68
2021-10-28,GDX,19.15,6707.83
2021-11-08,XLI,48.18,6756.01
2021-11-12,TLT,25.67,6781.68
2021-11-16,XLF,6.31,6787.99
2021-11-16,IEF,18.59,6806.58
2021-11-18,EWZ,8.93,6815.51
2021-11-29,XLB,39.28,6854.79
2021-11-29,XLP,39.01,6893.8
2021-11-29,XLRE,39.07,6932.87
2021-11-29,XLU,37.85,6970.72
2021-11-29,XLV,106.16,7076.88
2021-11-29,LQD,68.32,7145.2
2021-12-01,XLY,118.92,7264.12
2021-12-03,GLD,117.77,7381.89
2021-12-03,XLK,91.95,7473.84
2021-12-06,VNQ,55.86,7529.7
2021-12-07,EFA,83.28,7612.98
2021-12-07,IWM,113.78,7726.76
2021-12-14,GDX,16.14,7742.9
2021-12-15,XLC,120.56,7863.46
2021-12-17,XLE,-61.46,7802.0
2021-12-20,FXI,8.01,7810.01
2021-12-23,DIA,81.98,7891.99
2022-01-04,KRE,36.96,7928.95
2022-01-05,XBI,77.6,8006.55
2022-01-11,XLE,12.71,8019.26
2022-01-18,IWM,72.83,8092.09
2022-01-20,XLC,50.24,8142.33
2022-01-21,AGG,6.57,8148.9
2022-01-21,SMH,-350.34,7798.56
2022-02-02,GLD,100.5,7899.06
2022-02-07,XLF,19.94,7919.0
2022-02-09,XLK,129.76,8048.76
2022-02-09,XLV,103.04,8151.8
2022-02-17,XLP,52.57,8204.37
2022-02-18,QQQ,-350.18,7854.19
2022-02-18,VNQ,-111.17,7743.02
2022-02-18,XLB,-125.86,7617.16
2022-02-18,XLI,-267.33,7349.83
2022-02-18,XLRE,-114.96,7234.87
2022-02-18,XLU,-113.31,7121.56
2022-02-18,XLY,-283.12,6838.44
2022-02-18,SPY,-356.42,6482.02
2022-02-18,EFA,-162.18,6319.84
2022-03-02,XLE,12.53,6332.37
2022-03-03,FXI,8.65,6341.02
2022-03-07,SMH,55.19,6396.21
2022-03-07,XLK,45.92,6442.13
2022-03-10,TLT,27.09,6469.22
2022-03-28,GLD,112.69,6581.91
2022-03-29,XLP,42.28,6624.19
2022-04-11,AGG,15.24,6639.43
2022-04-11,LQD,43.72,6683.15
2022-04-14,GDX,-122.17,6560.98
2022-04-14,XLU,-128.94,6432.04
2022-04-14,XLV,113.5,6545.54
2022-04-20,EEM,16.91,6562.45
2022-04-22,XLF,13.59,6576.04
2022-04-22,XLU,13.0,6589.04
2022-05-02,TLT,23.03,6612.07
2022-05-06,XLE,15.97,6628.04
2022-05-16,XLP,50.49,6678.53
2022-05-20,EWZ,-70.33,6608.2
2022-05-20,SLV,-64.57,6543.63
2022-05-20,XLB,-90.85,6452.78
2022-05-20,XLRE,-124.84,6327.94
2022-05-20,GDX,-124.77,6203.17
2022-05-20,GLD,-295.65,5907.52
2022-05-20,XLV,-116.64,5790.88
2022-05-24,XLC,55.83,5846.71
2022-06-09,QQQ,72.67,5919.38
2022-07-05,XLB,18.07,5937.45
2022-07-25,XLE,14.16,5951.61
2022-08-04,GLD,116.26,6067.87
2022-08-05,VNQ,-156.44,5911.43
2022-08-05,XLU,-166.12,5745.31
2022-08-11,TLT,31.88,5777.19
2022-08-12,XLU,16.26,5793.45
2022-08-17,GDX,16.8,5810.25
2022-08-19,XLC,68.86,5879.11
2022-08-19,DIA,-382.09,5497.02
2022-08-19,QQQ,-381.41,5115.61
2022-08-19,XLK,-226.29,4889.32
2022-08-19,SLV,10.66,4899.98
2022-08-26,EFA,47.85,4947.83
2022-08-30,XLB,26.11,4973.94
2022-08-30,XLC,44.53,5018.47
2022-08-31,IWM,54.45,5072.92
2022-09-01,KRE,22.4,5095.32
2022-09-09,XLP,39.6,5134.92
2022-09-09,XLV,144.26,5279.18
2022-09-13,FXI,7.51,5286.69
2022-09-15,EWZ,13.51,5300.2
2022-09-15,GLD,58.24,5358.44
2022-09-16,XBI,-226.86,5131.58
2022-09-16,XLI,-360.85,4770.73
2022-09-20,EEM,14.83,4785.56
2022-10-06,XLE,12.81,4798.37
2022-10-07,VNQ,19.75,4818.12
2022-10-07,XLRE,18.97,4837.09
2022-11-04,XBI,51.39,4888.48
2022-11-10,XLU,45.1,4933.58
2022-11-18,SLV,-6.83,4926.75
2022-11-18,EFA,-412.69,4514.06
2022-11-18,XLF,-82.05,4432.01
2022-11-18,XLB,-167.38,4264.63
2022-11-18,IWM,33.59,4298.22
2022-12-13,EWZ,9.88,4308.1
2022-12-19,XLC,48.96,4357.06
2022-12-19,XLP,18.8,4375.86
2022-12-20,TLT,25.79,4401.65
2022-12-21,XLE,11.03,4412.68
2022-12-28,EEM,21.63,4434.31
2023-01-03,EFA,63.54,4497.85
2023-01-04,XLI,93.96,4591.81
2023-01-06,XLB,32.88,4624.69
2023-01-09,XLU,34.53,4659.22
2023-01-09,SLV,15.41,4674.63
2023-01-09,XBI,101.79,4776.42
2023-01-09,XLF,18.15,4794.57
2023-01-10,SMH,116.78,4911.35
2023-01-13,XLV,111.37,5022.72
2023-01-17,GDX,55.52,5078.24
2023-01-20,GLD,-217.51,4860.73
2023-02-03,FXI,6.97,4867.7
2023-02-03,AGG,15.6,4883.3
2023-02-03,GLD,76.58,4959.88
2023-02-06,HYG,34.67,4994.55
2023-02-17,KRE,-81.57,4912.98
2023-02-17,XLY,-143.38,4769.6
2023-02-17,VNQ,19.04,4788.64
2023-02-21,XLC,34.55,4823.19
2023-02-21,SMH,59.63,4882.82
2023-02-21,SPY,63.56,4946.38
2023-02-22,XLK,80.05,5026.43
2023-02-24,EWZ,8.74,5035.17
2023-02-27,XLI,111.18,5146.35
2023-02-28,XLB,34.63,5180.98
2023-02-28,IWM,113.12,5294.1
2023-03-02,XLE,16.15,5310.25
2023-03-03,EFA,103.38,5413.63
2023-03-03,XLF,19.18,5432.81
2023-03-10,QQQ,57.75,5490.56
2023-03-13,IEF,52.63,5543.19
2023-03-13,KRE,33.52,5576.71
2023-03-14,XLP,46.02,5622.73
2023-03-17,LQD,80.57,5703.3
2023-03-17,EEM,-117.98,5585.32
2023-03-17,SLV,-10.03,5575.29
2023-03-17,XBI,-275.66,5299.63
2023-03-17,XLV,-310.41,4989.22
2023-03-17,GDX,42.42,5031.64
2023-03-17,XLRE,-115.72,4915.92
2023-03-17,DIA,-266.71,4649.21
2023-03-23,IWM,52.98,4702.19
2023-03-28,GDX,28.16,4730.35
2023-03-30,XLK,52.05,4782.4
2023-03-31,SMH,74.5,4856.9
2023-04-04,SLV,13.4,4870.3
2023-04-10,LQD,65.53,4935.83
2023-04-10,XLI,99.13,5034.96
2023-04-12,XLY,43.75,5078.71
2023-04-12,XLC,87.22,5165.93
2023-04-17,GLD,147.15,5313.08
2023-04-20,XLF,14.0,5327.08
2023-04-21,EFA,-0.3,5326.78
2023-04-26,SPY,63.18,5389.96
2023-04-27,EEM,34.79,5424.75
2023-04-27,TLT,19.76,5444.51
2023-04-28,AGG,37.91,5482.42
2023-05-01,IEF,38.79,5521.21
2023-05-02,XLB,33.46,5554.67
2023-05-03,XLE,6.31,5560.98
2023-05-03,DIA,65.41,5626.39
2023-05-05,HYG,34.98,5661.37
2023-05-08,XLU,35.97,5697.34
2023-05-10,EWZ,11.57,5708.91
2023-05-15,FXI,16.79,5725.7
2023-05-15,SMH,83.87,5809.57
2023-05-16,XLV,78.63,5888.2
2023-05-16,VNQ,24.7,5912.9
2023-05-16,XLRE,13.52,5926.42
2023-05-18,XLP,65.89,5992.31
2023-05-19,XBI,-149.18,5843.13
2023-05-30,XLY,110.4,5953.53
2023-06-01,LQD,78.4,6031.93
2023-06-01,GLD,124.5,6156.43
2023-06-02,EFA,76.53,6232.96
2023-06-02,XLI,135.07,6368.03
2023-06-12,GDX,39.65,6407.68
2023-06-13,XLB,20.82,6428.5
2023-06-16,XLC,-293.29,6135.21
2023-06-16,XLK,-292.92,5842.29
2023-06-16,KRE,-71.14,5771.15
2023-06-23,IWM,67.48,5838.63
2023-06-26,EEM,30.2,5868.83
2023-06-26,XLV,81.3,5950.13
2023-06-26,SPY,62.59,6012.72
2023-06-26,XLK,41.2,6053.92
2023-07-03,XLP,41.62,6095.54
2023-07-03,HYG,30.84,6126.38
2023-07-05,XBI,112.95,6239.33
2023-07-10,XLF,18.15,6257.48
2023-07-10,EFA,71.52,6329.0
2023-07-10,XLY,78.97,6407.97
2023-07-11,GLD,111.74,6519.71
2023-07-12,SLV,22.33,6542.04
2023-07-12,LQD,51.13,6593.17
2023-07-12,GDX,28.9,6622.07
2023-07-13,AGG,49.92,6671.99
2023-07-17,SMH,90.84,6762.83
2023-07-19,IEF,57.75,6820.58
2023-07-21,QQQ,-382.54,6438.04
2023-07-21,EWZ,-82.99,6355.05
2023-07-21,FXI,-9.81,6345.24
2023-07-21,XLI,34.48,6379.72
2023-07-27,XLRE,26.95,6406.67
2023-08-03,VNQ,19.54,6426.21
2023-08-03,XLU,28.05,6454.26
2023-08-04,SPY,65.71,6519.97
2023-08-11,XLC,69.34,6589.31
2023-08-14,XLF,4.81,6594.12
2023-08-15,DIA,207.72,6801.84
2023-08-15,IWM,64.2,6866.04
2023-08-17,KRE,25.08,6891.12
2023-08-18,XLE,-82.91,6808.21
2023-08-18,TLT,-117.04,6691.17
2023-08-29,HYG,36.8,6727.97
2023-08-29,XLV,109.37,6837.34
2023-08-31,LQD,83.49,6920.83
2023-08-31,XLY,109.51,7030.34
2023-09-01,XLB,37.32,7067.66
2023-09-01,XLI,90.16,7157.82
2023-09-05,XLK,65.55,7223.37
2023-09-05,GDX,16.36,7239.73
2023-09-05,AGG,16.14,7255.87
2023-09-11,GLD,130.08,7385.95
2023-09-11,QQQ,71.34,7457.29
2023-09-13,EWZ,14.74,7472.03
2023-09-14,EFA,109.74,7581.77
2023-09-14,FXI,14.76,7596.53
2023-09-15,EEM,-11.45,7585.08
2023-09-15,XBI,-168.29,7416.79
2023-09-15,XLP,-113.7,7303.09
2023-09-21,TLT,29.16,7332.25
2023-09-21,VNQ,35.26,7367.51
2023-09-21,XLU,9.21,7376.72
2023-09-25,GLD,47.38,7424.1
2023-10-02,XLE,16.25,7440.35
2023-10-03,EWZ,10.39,7450.74
2023-10-06,XLC,99.6,7550.34
2023-10-10,QQQ,79.28,7629.62
2023-10-11,XLI,83.25,7712.87
2023-10-12,XBI,46.82,7759.69
2023-10-16,SPY,72.91,7832.6
2023-10-17,IEF,15.68,7848.28
2023-10-18,HYG,18.22,7866.5
2023-10-19,IWM,65.77,7932.27
2023-10-20,SLV,-35.82,7896.45
2023-10-20,SMH,-342.49,7553.96
2023-10-20,DIA,-269.06,7284.9
2023-10-20,EFA,-246.3,7038.6
2023-10-20,XLB,-147.21,6891.39
2023-10-20,XLF,-87.95,6803.44
2023-10-20,XLY,-340.96,6462.48
2023-10-31,XLK,110.21,6572.69
2023-11-16,XLE,7.25,6579.94
2023-12-01,FXI,6.29,6586.23
2023-12-04,GLD,132.71,6718.94
2023-12-13,IWM,69.83,6788.77
2023-12-14,KRE,32.26,6821.03
2023-12-15,XLC,2.49,6823.52
2023-12-15,XLRE,-161.6,6661.92
2023-12-15,XLU,22.19,6684.11
2023-12-15,SMH,-265.83,6418.28
2023-12-15,VNQ,-162.31,6255.97
2023-12-15,XLY,-412.58,5843.39
2023-12-26,GDX,20.68,5864.07
2024-01-02,EEM,37.53,5901.6
2024-01-02,XLK,99.91,6001.51
2024-01-03,EFA,81.24,6082.75
2024-01-03,XLB,32.93,6115.68
2024-01-04,EWZ,9.44,6125.12
2024-01-04,AGG,38.12,6163.24
2024-01-04,XLRE,14.25,6177.49
2024-01-08,IEF,44.78,6222.27
2024-01-08,XLC,73.92,6296.19
2024-01-09,GLD,115.55,6411.74
2024-01-10,TLT,20.16,6431.9
2024-01-11,SMH,76.49,6508.39
2024-01-17,HYG,35.34,6543.73
2024-01-18,LQD,52.67,6596.4
2024-01-18,XBI,188.38,6784.78
2024-01-18,QQQ,79.5,6864.28
2024-01-19,DIA,-268.9,6595.38
2024-01-19,SLV,-73.44,6521.94
2024-01-19,XLF,-56.17,6465.77
2024-01-19,XLI,-265.26,6200.51
2024-01-19,XLV,-157.66,6042.85
2024-01-19,XLY,-15.73,6027.12
2024-01-31,XLP,38.57,6065.69
2024-02-08,XLE,15.56,6081.25
2024-02-08,GDX,14.8,6096.05
2024-02-12,IWM,75.86,6171.91
2024-02-15,XLU,36.25,6208.16
2024-02-15,VNQ,81.34,6289.5
2024-02-21,XLRE,20.9,6310.4
2024-02-21,SMH,58.93,6369.33
2024-02-26,GLD,114.01,6483.34
2024-02-26,XLK,111.46,6594.8
2024-02-27,HYG,30.32,6625.12
2024-02-29,AGG,30.89,6656.01
2024-03-01,IEF,37.19,6693.2
2024-03-04,EEM,27.71,6720.91
2024-03-05,LQD,97.01,6817.92
2024-03-05,XLY,98.73,6916.65
2024-03-05,DIA,112.69,7029.34
2024-03-05,EWZ,10.37,7039.71
2024-03-05,TLT,53.42,7093.13
2024-03-11,XBI,151.13,7244.26
2024-03-15,SPY,-382.13,6862.13
2024-03-15,EFA,-31.98,6830.15
2024-03-15,KRE,-143.12,6687.03
2024-03-15,XLB,-159.4,6527.63
2024-03-15,XLC,-1.64,6525.99
2024-03-15,XLF,-65.6,6460.39
2024-03-15,XLI,-214.39,6246.0
2024-03-15,XLV,52.54,6298.54
2024-03-18,VNQ,17.77,6316.31
2024-03-25,XLF,6.31,6322.62
2024-03-27,XLU,15.83,6338.45
2024-03-27,GLD,62.47,6400.92
2024-04-01,SMH,83.66,6484.58
2024-04-01,GDX,24.78,6509.36
2024-04-02,XLP,36.49,6545.85
2024-04-03,EFA,37.07,6582.92
2024-04-04,EEM,17.52,6600.44
2024-04-04,LQD,24.78,6625.22
2024-04-04,SPY,62.92,6688.14
2024-04-08,HYG,12.66,6700.8
2024-04-08,XLK,104.31,6805.11
2024-04-08,XLRE,28.43,6833.54
2024-04-08,XLY,82.79,6916.33
2024-04-10,XLB,30.15,6946.48
2024-04-10,XLC,86.06,7032.54
2024-04-12,FXI,11.42,7043.96
2024-04-12,XLI,52.28,7096.24
2024-04-19,XLE,-59.78,7036.46
2024-04-19,SLV,-60.54,6975.92
2024-04-19,AGG,-101.72,6874.2
2024-04-19,DIA,-279.35,6594.85
2024-04-19,XLV,-353.15,6241.7
2024-04-29,XLY,63.26,6304.96
2024-04-30,XLE,8.63,6313.59
2024-05-01,KRE,43.32,6356.91
2024-05-06,EWZ,11.72,6368.63
2024-05-06,XBI,132.73,6501.36
2024-05-06,IWM,84.24,6585.6
2024-05-06,XLK,63.64,6649.24
2024-05-07,QQQ,69.57,6718.81
2024-05-15,HYG,16.87,6735.68
2024-05-15,SLV,15.38,6751.06
2024-05-15,XLC,54.63,6805.69
2024-05-17,IEF,-9.17,6796.52
2024-05-17,TLT,-74.36,6722.16
2024-05-17,GLD,73.74,6795.9
2024-05-23,EWZ,4.63,6800.53
2024-05-29,XLB,29.44,6829.97
2024-05-30,XLP,35.66,6865.63
2024-05-30,XLI,98.38,6964.01
2024-05-31,XLV,105.67,7069.68
2024-06-03,AGG,20.66,7090.34
2024-06-05,QQQ,90.73,7181.07
2024-06-05,XBI,63.55,7244.62
2024-06-07,VNQ,38.1,7282.72
2024-06-07,XLRE,35.28,7318.0
2024-06-11,EFA,122.91,7440.91
2024-06-11,FXI,16.81,7457.72
2024-06-17,XLU,58.3,7516.02
2024-06-20,LQD,37.54,7553.56
2024-06-21,EEM,-2.48,7551.08
2024-06-21,SMH,-390.69,7160.39
2024-06-21,DIA,82.28,7242.67
2024-06-21,IWM,-145.32,7097.35
2024-06-21,KRE,-166.89,6930.46
2024-07-01,TLT,31.03,6961.49
2024-07-02,XLF,18.72,6980.21
2024-07-02,IEF,29.14,7009.35
2024-07-03,GDX,24.32,7033.67
2024-07-10,XLK,70.8,7104.47
2024-07-11,KRE,29.39,7133.86
2024-07-16,XLI,85.22,7219.08
2024-07-23,EWZ,5.84,7224.92
2024-07-23,LQD,71.62,7296.54
2024-07-24,QQQ,85.63,7382.17
2024-07-24,XLY,78.05,7460.22
2024-07-25,HYG,27.36,7487.58
2024-07-26,EFA,95.61,7583.19
2024-07-29,EEM,36.63,7619.82
2024-07-29,XLC,92.0,7711.82
2024-07-29,XLP,41.1,7752.92
2024-07-30,AGG,41.72,7794.64
2024-07-31,XLV,104.34,7898.98
2024-08-02,DIA,116.67,8015.65
2024-08-05,XLB,33.39,8049.04
2024-08-05,XBI,64.3,8113.34
2024-08-08,XLE,16.88,8130.22
2024-08-12,SLV,15.54,8145.76
2024-08-12,FXI,11.62,8157.38
2024-08-16,VNQ,-114.98,8042.4
2024-08-16,XLRE,-118.75,7923.65
2024-08-16,XLU,-49.16,7874.49
2024-08-30,GDX,41.27,7915.76
2024-09-06,XLF,14.88,7930.64
2024-09-13,XLY,62.06,7992.7
2024-09-19,SMH,115.0,8107.7
2024-09-19,KRE,22.53,8130.23
2024-09-20,IEF,-61.08,8069.15
2024-09-20,TLT,-2.2,8066.95
2024-09-30,LQD,51.3,8118.25
2024-09-30,XLP,30.75,8149.0
2024-10-01,EFA,76.44,8225.44
2024-10-02,AGG,34.15,8259.59
2024-10-02,XBI,104.23,8363.82
2024-10-02,XLRE,34.25,8398.07
2024-10-03,VNQ,42.6,8440.67
2024-10-07,HYG,32.66,8473.33
2024-10-07,XLB,39.14,8512.47
2024-10-14,XLV,132.11,8644.58
2024-10-18,EEM,-27.64,8616.94
2024-10-18,FXI,-61.4,8555.54
2024-10-18,SLV,-84.13,8471.41
2024-10-18,XLC,-55.42,8415.99
2024-10-18,XLI,-290.98,8125.01
2024-10-18,XLK,55.22,8180.23
2024-10-18,XLU,-153.6,8026.63
2024-10-18,GLD,-271.91,7754.72
2024-10-18,IWM,112.54,7867.26
2024-10-18,QQQ,-227.39,7639.87
2024-10-18,GDX,35.88,7675.75
2024-10-28,XLE,16.6,7692.35
2024-10-29,SMH,95.79,7788.14
2024-11-04,XLF,17.56,7805.7
2024-11-06,SLV,6.26,7811.96
2024-11-11,GLD,76.56,7888.52
2024-11-12,XLB,17.67,7906.19
2024-11-15,IEF,-153.53,7752.66
2024-11-15,TLT,-118.26,7634.4
2024-11-21,XLU,26.24,7660.64
2024-11-22,VNQ,22.69,7683.33
2024-11-25,LQD,81.86,7765.19
2024-11-25,XLRE,26.8,7791.99
2024-11-29,AGG,37.88,7829.87
2024-11-29,HYG,35.85,7865.72
2024-11-29,XBI,113.48,7979.2
2024-12-02,EFA,100.31,8079.51
2024-12-02,XLP,42.07,8121.58
2024-12-02,GDX,18.62,8140.2
2024-12-03,XLI,118.89,8259.09
2024-12-09,EEM,53.39,8312.48
2024-12-09,FXI,17.26,8329.74
2024-12-09,XLK,125.29,8455.03
2024-12-16,IWM,64.29,8519.32
2024-12-16,SMH,82.36,8601.68
2024-12-18,KRE,38.14,8639.82
2024-12-20,XLC,-8.49,8631.33
2024-12-20,XLV,-266.61,8364.72
2024-12-20,XLY,-282.4,8082.32
2024-12-20,XLE,-83.88,7998.44
2025-01-10,FXI,8.27,8006.71
2025-01-10,EEM,21.64,8028.35
2025-01-15,XLF,36.62,8064.97
2025-01-15,HYG,16.26,8081.23
2025-01-15,KRE,25.6,8106.83
2025-01-17,IEF,-73.62,8033.21
2025-01-27,XLP,21.28,8054.49
2025-01-28,XLU,27.72,8082.21
2025-02-03,GDX,18.65,8100.86
2025-02-05,XLK,116.67,8217.53
2025-02-07,XLI,91.41,8308.94
2025-02-12,LQD,33.93,8342.87
2025-02-12,TLT,18.21,8361.08
2025-02-18,QQQ,79.52,8440.6
2025-02-19,SPY,69.03,8509.63
2025-02-21,GLD,-392.98,8116.65
2025-02-21,XLC,199.92,8316.57
2025-02-26,XLE,8.49,8325.06
2025-03-03,SLV,15.33,8340.39
2025-03-03,XLF,16.39,8356.78
2025-03-03,XLV,99.0,8455.78
2025-03-06,XLRE,44.14,8499.92
2025-03-10,EFA,55.51,8555.43
2025-03-10,VNQ,20.16,8575.59
2025-03-10,XLB,18.21,8593.8
2025-03-10,XLC,59.4,8653.2
2025-03-21,XLY,-385.32,8267.88
2025-03-21,IWM,-268.79,7999.09
2025-03-21,AGG,-37.71,7961.38
2025-03-21,IEF,-72.42,7888.96
2025-03-21,SMH,-331.2,7557.76
2025-03-31,XLU,36.51,7594.27
2025-04-04,EWZ,10.11,7604.38
2025-04-04,XLF,11.89,7616.27
2025-04-17,EEM,-21.09,7595.18
2025-04-17,HYG,-80.5,7514.68
2025-04-17,XLI,-357.65,7157.03
2025-04-29,IEF,28.86,7185.89
2025-05-02,SLV,17.7,7203.59
2025-05-16,AGG,-83.62,7119.97
2025-05-16,EFA,-171.73,6948.24
2025-05-16,KRE,-88.13,6860.11
2025-05-23,XLI,47.7,6907.81
2025-05-28,XLE,7.02,6914.83
2025-06-03,XLU,15.09,6929.92
2025-06-04,EEM,19.84,6949.76
2025-06-04,SMH,73.84,7023.6
2025-06-04,XLK,52.07,7075.67
2025-06-04,XLV,48.31,7123.98
2025-06-05,XLC,65.38,7189.36
2025-06-09,HYG,20.3,7209.66
2025-06-10,EWZ,11.69,7221.35
2025-06-10,XLY,52.43,7273.78
2025-06-10,QQQ,83.69,7357.47
2025-06-11,EFA,62.81,7420.28
2025-06-12,XLP,43.88,7464.16
2025-06-20,SLV,-83.96,7380.2
2025-06-24,GLD,57.3,7437.5
2025-06-30,FXI,18.53,7456.03
2025-07-02,SMH,84.15,7540.18
2025-07-07,XLRE,18.6,7558.78
2025-07-07,IEF,19.65,7578.43
2025-07-07,TLT,17.25,7595.68
2025-07-07,AGG,15.34,7611.02
2025-07-08,XLF,19.27,7630.29
2025-07-11,GDX,51.07,7681.36
2025-07-15,XLP,22.18,7703.54
2025-07-15,XLV,54.09,7757.63
2025-07-18,KRE,-88.66,7668.97
2025-07-25,LQD,71.26,7740.23
2025-07-28,EFA,93.81,7834.04
2025-07-28,HYG,25.02,7859.06
2025-07-28,XLC,91.77,7950.83
2025-07-28,XLU,29.8,7980.63
2025-07-28,XLB,33.16,8013.79
2025-07-29,IWM,58.07,8071.86
2025-07-30,XLY,112.97,8184.83
2025-08-01,EEM,31.6,8216.43
2025-08-01,XLK,123.11,8339.54
2025-08-01,SPY,63.52,8403.06
2025-08-06,EWZ,18.09,8421.15
2025-08-06,XBI,50.58,8471.73
2025-08-11,SLV,11.48,8483.21
2025-08-11,XLE,8.47,8491.68
2025-08-15,XLI,59.53,8551.21
2025-08-21,GDX,31.48,8582.69
2025-08-27,QQQ,71.02,8653.71
2025-08-28,SLV,9.13,8662.84
2025-08-28,XLU,19.89,8682.73
2025-09-02,XLRE,17.25,8699.98
2025-09-04,IEF,42.04,8742.02
2025-09-04,FXI,15.46,8757.48
2025-09-05,XLF,16.81,8774.29
2025-09-05,EEM,26.39,8800.68
2025-09-08,EFA,101.58,8902.26
2025-09-08,XLI,109.19,9011.45
2025-09-09,HYG,14.62,9026.07
2025-09-09,XLB,40.67,9066.74
2025-09-09,XLY,101.33,9168.07
2025-09-10,SMH,94.33,9262.4
2025-09-11,XLP,33.37,9295.77
2025-09-15,VNQ,21.41,9317.18
2025-09-19,KRE,5.18,9322.36
2025-09-19,AGG,8.85,9331.21
2025-09-19,EWZ,-61.9,9269.31
2025-09-19,GLD,-383.66,8885.65
2025-09-19,LQD,5.83,8891.48
2025-09-19,XLC,-274.71,8616.77
2025-09-19,XBI,-71.16,8545.61
2025-09-24,XLE,12.08,8557.69
2025-10-03,TLT,41.14,8598.83
2025-10-10,IWM,99.6,8698.43
2025-10-17,XLK,-219.61,8478.82
2025-10-20,EWZ,8.95,8487.77
2025-10-21,GDX,23.58,8511.35
2025-10-21,SLV,13.79,8525.14
2025-10-27,GLD,71.35,8596.49
2025-10-27,SMH,82.72,8679.21
2025-10-29,XLP,34.77,8713.98
2025-11-06,AGG,20.46,8734.44
2025-11-06,IEF,25.37,8759.81
2025-11-07,XLV,-19.95,8739.86
2025-11-07,XLI,108.55,8848.41
2025-11-07,HYG,17.39,8865.8
2025-11-10,XLU,46.82,8912.62
2025-11-10,VNQ,42.64,8955.26
2025-11-10,XLF,16.1,8971.36
2025-11-11,LQD,64.78,9036.14
2025-11-11,XLC,101.64,9137.78
2025-11-11,XLRE,45.34,9183.12
2025-11-11,FXI,18.16,9201.28
2025-11-11,XLK,118.37,9319.65
2025-11-12,XLY,122.57,9442.22
2025-11-12,KRE,28.5,9470.72
2025-11-12,XLB,25.46,9496.18
2025-11-17,EFA,70.27,9566.45
2025-11-17,SPY,75.6,9642.05
2025-11-18,EEM,19.5,9661.55
2025-11-21,XBI,-262.53,9399.02
2025-11-21,TLT,-75.27,9323.75
2025-11-28,IWM,72.02,9395.77
2025-12-01,SLV,15.09,9410.86
2025-12-02,XLE,17.28,9428.14
2025-12-02,QQQ,77.39,9505.53
2025-12-09,XLV,74.05,9579.58
2025-12-10,XLI,61.99,9641.57
2025-12-11,XLF,16.28,9657.85
2025-12-15,XLB,16.39,9674.24
2025-12-16,EWZ,16.99,9691.23
2025-12-19,GDX,37.8,9729.03
2025-12-22,VNQ,18.83,9747.86
2025-12-22,XLP,22.87,9770.73
2025-12-24,XLK,68.91,9839.64
2025-12-26,EFA,81.53,9921.17
2025-12-29,EEM,37.47,9958.64
2025-12-30,XLY,112.46,10071.1
2025-12-31,XBI,114.08,10185.18
2025-12-31,KRE,40.45,10225.63
2026-01-02,XLC,114.26,10339.89
2026-01-02,FXI,15.71,10355.6
2026-01-05,HYG,30.38,10385.98
2026-01-12,IWM,75.5,10461.48
2026-01-13,LQD,43.53,10505.01
2026-01-16,AGG,-39.08,10465.93
2026-01-16,IEF,-66.02,10399.91
2026-01-16,SMH,-387.23,10012.68
2026-01-16,TLT,-121.33,9891.35
2026-01-16,XLU,5.53,9896.88
2026-01-16,DIA,122.69,10019.57
2026-01-26,SPY,71.16,10090.73
2026-01-27,QQQ,81.31,10172.04
2026-02-02,SLV,4.19,10176.23
2026-02-05,GDX,20.16,10196.39
2026-02-06,XLV,120.75,10317.14
2026-02-20,EWZ,11.17,10328.31
2026-02-23,AGG,21.95,10350.26
2026-02-23,LQD,57.62,10407.88
2026-03-02,IEF,22.03,10429.91
2026-03-03,EEM,47.15,10477.06
2026-03-03,EFA,119.59,10596.65
2026-03-05,XLB,48.15,10644.8
2026-03-05,XLI,68.98,10713.78
2026-03-06,XLC,107.23,10821.01
2026-03-06,XLRE,39.13,10860.14
2026-03-06,VNQ,41.49,10901.63
2026-03-06,TLT,36.1,10937.73
2026-03-09,XBI,88.18,11025.91
2026-03-13,GLD,64.56,11090.47
2026-03-17,XLK,70.86,11161.33
2026-03-20,HYG,-170.46,10990.87
2026-03-20,KRE,-140.97,10849.9
2026-03-20,XLE,-80.56,10769.34
2026-03-20,XLU,68.55,10837.89
2026-03-20,XLY,-277.62,10560.27
2026-03-20,FXI,-60.89,10499.38
2026-03-20,SMH,-259.87,10239.51
2026-03-20,XLP,-113.92,10125.59
2026-05-04,EFA,127.7,10253.29
2026-05-04,XLU,48.04,10301.33
2026-05-04,XLV,118.18,10419.51
2026-05-04,AGG,11.82,10431.33
2026-05-06,SMH,113.07,10544.4
2026-05-07,EWZ,6.12,10550.52
2026-05-08,GDX,41.04,10591.56
2026-05-11,SLV,19.47,10611.03
2026-05-11,EEM,28.28,10639.31
2026-05-12,KRE,23.07,10662.38
2026-05-14,XLE,19.88,10682.26
2026-05-15,XLI,108.53,10790.79
2026-05-18,XBI,51.51,10842.3
2026-05-19,GLD,61.76,10904.06
2026-05-19,LQD,34.31,10938.37
2026-05-22,FXI,9.09,10947.46
2026-05-28,XLRE,33.98,10981.44
2026-05-29,XLC,101.79,11083.23
2026-06-01,XLY,118.03,11201.26
2026-06-02,VNQ,42.3,11243.56
2026-06-02,XLB,41.95,11285.51
2026-06-05,XLP,54.01,11339.52
2026-06-05,SPY,92.2,11431.72
2026-06-08,EFA,113.68,11545.4
2026-06-10,QQQ,93.64,11639.04
2026-06-10,XLK,83.06,11722.1
2026-06-10,XLI,74.67,11796.77
2026-06-15,GDX,35.65,11832.42
2026-06-16,XLE,7.07,11839.49
2026-06-22,IWM,83.12,11922.61
2026-06-30,XLU,47.02,11969.63
2026-07-01,TLT,20.39,11990.02
2026-07-13,SMH,48.59,12038.61
2026-07-14,XLV,127.64,12166.25
2026-07-15,SPY,77.52,12243.77
2026-07-17,DIA,121.09,12364.86
2026-07-17,XLF,-66.62,12298.24
2026-07-23,IEF,11.27,12309.51
2026-07-23,KRE,22.37,12331.88
2026-07-23,XLP,18.32,12350.2
